Name,Gender,Department,Salary,Location,Rating
Ches Bonnell,Male,Sales,88050,Lagos,Very Good
Garwin Peasegood,Female,Engineering,68220,Lagos,Good
Sidoney Yitzhok,Female,NULL,118440,Abuja,Not Rated
Saunders Blumson,Others,Legal,56370,Kaduna,Very Good
Gardy Grigorey,Female,Support,107090,Kaduna,Poor
Marlie Charsley,Male,Support,108450,Abuja,Poor
Adella Hartshorne,Female,Human Resources,41160,Lagos,Average
Rasla Fisby,Male,Legal,109000,Abuja,Very Good
Rayna Gamlin,Others,Services,,Abuja,Average
Willi Vasey,Female,Support,43020,Kaduna,Average
Selby Hacker,Male,Business Development,37800,Lagos,Average
Stefa Eggleston,Male,Sales,88380,Kaduna,Average
Phylys Benitez,Female,Product Management,84420,Abuja,Average
Ronnie Sinyard,Female,Legal,101760,Abuja,Good
Axel Grigaut,Male,Sales,110780,Abuja,Poor
Timmi Durran,Male,Human Resources,68430,Abuja,Good
Minna Showler,Female,Training,105370,Kaduna,Good
Dyanne Strafen,Male,Engineering,113800,Lagos,Average
Dorolice Farry,Female,Sales,76300,Kaduna,Average
Elliot Tuplin,Female,Sales,44530,Kaduna,Average
Lion Adcock,Female,Legal,63710,Lagos,Average
Vic Radolf,Female,Product Management,62780,Abuja,Very Good
Tiffani Mecozzi,Female,Training,119750,Lagos,Average
Jeane Bermingham,Male,Research and Development,116980,Kaduna,Very Poor
Gavan Puttan,Male,Accounting,35940,Abuja,Good
Danielle Johananoff,Male,Services,109040,Lagos,Average
Rafaelita Blaksland,Female,Services,109160,Kaduna,Good
Brit Hamnett,Male,Human Resources,75540,Abuja,Average
Mable Phythian,Female,Engineering,30000,Kaduna,Average
Joella Maevela,Female,Sales,76210,Abuja,Good
Mollie Hanway,Male,NULL,112650,Lagos,Average
Obidiah Westrope,Male,Legal,108460,Kaduna,Good
Murry Dryburgh,Male,Research and Development,69070,Kaduna,Poor
Abbie Tann,Female,Business Development,116520,Lagos,Good
Aluin Churly,Female,Research and Development,96560,Kaduna,Not Rated
Bennett Gimenez,Female,Human Resources,36460,Abuja,Good
Isa Mogie,Female,Training,50950,Kaduna,Good
Yves Clunie,Female,Marketing,75440,Lagos,Average
Iain Wiburn,Female,Sales,84760,Kaduna,Average
Nonah Bissell,Male,Engineering,82240,Kaduna,Poor
Mendel Gentsch,Male,Human Resources,28330,Lagos,Very Poor
Alfred Peplay,Female,Human Resources,60580,Lagos,Very Good
Adelina Cheeseman,Male,Support,45510,Kaduna,Very Good
Minetta Parsons,Female,Human Resources,110770,Abuja,Good
Hobard Benninger,Female,Product Management,86920,Abuja,Average
Fancy Bonin,Others,Training,84680,Lagos,Good
Laura Gomar,Female,Research and Development,36860,Lagos,Poor
Beatrix Schoales,Others,Sales,114010,Kaduna,Average
Clemmie Hebblewaite,Others,Services,54130,Kaduna,Very Poor
Issie Crippes,Female,Product Management,81720,Abuja,Very Good
Vasily MacVanamy,Male,Human Resources,84470,Lagos,Average
Aile Strathearn,Female,Marketing,114600,Lagos,Good
Shellysheldon Mahady,Male,Training,114690,Lagos,Very Poor
Laney Renne,Male,Engineering,57350,Kaduna,Good
Trace Sidsaff,Female,Accounting,51200,Kaduna,Poor
Kelly Corkitt,Female,Human Resources,85260,Lagos,Poor
Karlen McCaffrey,Female,Services,71230,Kaduna,Very Poor
Jordain Sparkwill,Female,Product Management,107660,Abuja,Good
Billie Croucher,Female,Engineering,75230,Kaduna,Poor
Izzy Brisco,Female,Marketing,108080,Abuja,Average
Ignacius Losel,Male,Legal,28480,Kaduna,Good
Peggi Bullas,Male,Support,56620,Abuja,Average
Bab Bridger,Male,NULL,87900,Kaduna,Average
Dyna Doucette,Male,Sales,103550,Abuja,Average
Marcellina Kitt,Female,Business Development,78500,Kaduna,Very Good
Shela Goade,Male,Legal,93930,Kaduna,Good
Gwenneth Fealey,Female,NULL,114770,Abuja,Average
Kerrie Cockshutt,Male,NULL,73530,Lagos,Average
Christopher Kezourec,Male,Training,55310,Kaduna,Very Poor
Larry Pioch,Male,Research and Development,49670,Abuja,Poor
Bethanne Shoppee,Female,Support,,Abuja,Good
Reidar Skechley,Male,Product Management,40770,Abuja,Average
Bari Toffano,Male,Product Management,106780,Kaduna,Poor
Robinia Scholling,Female,Human Resources,100730,Kaduna,Average
Grover Cooksey,Others,Services,74620,Kaduna,Poor
Layton Crayden,Male,Product Management,40450,Kaduna,Average
Marlowe Constantine,Male,Services,60560,Abuja,Average
Rhianna McLeoid,Male,Legal,114900,Kaduna,Average
Alida Welman,Male,Human Resources,69860,Kaduna,Average
Jacobo Lasham,Female,Services,51320,Kaduna,Very Poor
Rhody Odhams,Male,Training,103600,Lagos,Good
Zach Polon,Male,Marketing,53540,Kaduna,Poor
Taddeo Jovis,Female,Sales,98740,Abuja,Poor
Katerine Lohden,Male,Support,115090,Kaduna,Average
Jakob Philippe,Male,Marketing,51910,Kaduna,Good
Monroe Hendrickx,Male,Accounting,34080,Kaduna,Not Rated
Fred Dudeney,Male,Services,88690,Lagos,Poor
Brose MacCorkell,Female,Human Resources,35940,Kaduna,Average
Madelene Upcott,Male,Legal,109190,Abuja,Average
Cara Havers,Male,Marketing,89610,Lagos,Good
Gisella Mewe,Female,Support,109760,Abuja,Good
Daryn Kniveton,Female,Marketing,108390,Lagos,Poor
Stormy Church,Male,Research and Development,29880,Lagos,Very Poor
Cull Nannetti,Male,Support,68090,Kaduna,Average
Shirlene Argo,Female,Services,87210,Abuja,Not Rated
Konstanze Wyleman,Male,Engineering,90800,Abuja,Average
Vernor Atyea,Female,Training,102930,Kaduna,Good
Pedro St. Hill,Male,Engineering,,Lagos,Average
Tris Hynard,Female,Product Management,29080,Kaduna,Average
Calvin O'Carroll,Female,Research and Development,44450,Abuja,Very Good
Jessica Burditt,Female,Services,97120,Kaduna,Average
Aurelea Devitt,Male,Support,58840,Abuja,Average
Meryl Waggatt,Female,Business Development,77060,Kaduna,Good
Corri Ellcome,Female,NULL,81180,Kaduna,Average
Evyn Fyrth,Male,Support,90080,Kaduna,Average
Car Laden,Male,Product Management,,Lagos,Average
Sarene Creeboe,Male,Product Management,35830,Kaduna,Average
Steven Labat,Male,Legal,37110,Kaduna,Average
Lindy Guillet,Male,Training,112780,Abuja,Poor
Loren Rettie,Female,Engineering,96000,Kaduna,Average
Daron Biaggioli,Female,Product Management,112550,Kaduna,Average
Georg Dinnage,Male,Training,88330,Kaduna,Poor
Ewart Hovel,Female,Training,116770,Lagos,Good
Archaimbaud Pinchin,Male,Marketing,40270,Kaduna,Average
Mile Swindley,Others,Business Development,,Kaduna,Average
Garwood Penhale,Female,Business Development,96640,Kaduna,Very Good
Valentia Etteridge,Female,Business Development,118100,Lagos,Average
Courtney Given,Male,Engineering,43600,Abuja,Average
Claudetta Petherick,Female,Legal,54520,Abuja,Poor
Eberto William,Female,Research and Development,57750,Abuja,Average
Bernie Gorges,Female,Training,99970,Lagos,Average
Myrle Prandoni,Male,Sales,62200,Kaduna,Very Good
Josepha Keningham,Male,Human Resources,42990,Kaduna,Average
Garrick Hadwick,Male,Support,117810,Abuja,Average
Nessy Baskwell,Male,Services,58130,Kaduna,Average
Rosco Cogley,Male,Services,86840,Abuja,Average
Tulley Chiddy,Female,Accounting,,Abuja,Average
Camille Baldinotti,Female,Product Management,41700,Lagos,Good
Dave Lacoste,Male,Legal,,Abuja,Average
Crawford Scad,Male,Human Resources,72880,Kaduna,Average
Larry Pioch,Male,Research and Development,49670,Abuja,Good
Judie Di Bernardo,Male,Accounting,117150,Abuja,Average
Kakalina Stanaway,Male,Human Resources,97020,Kaduna,Poor
Max Shower,Male,Training,67510,Kaduna,Not Rated
Juditha Hatherleigh,Female,Human Resources,34830,Kaduna,Average
Lanny Beaney,Male,Legal,38730,Abuja,Average
Jim Perrygo,Male,Services,96790,Lagos,Good
Shannen Crittal,Female,Engineering,68040,Kaduna,Good
Katya Hundy,Male,Business Development,88510,Lagos,Average
Cordelia Djuricic,Female,Human Resources,65350,Abuja,Very Poor
Emory Whitten,Female,Product Management,52000,Lagos,Not Rated
Philis Rowlstone,Female,Human Resources,85740,Lagos,Average
Fedora Graffin,Male,Research and Development,92500,Lagos,Good
Marjie Bamford,Male,Sales,80770,Abuja,Very Good
Doe Clubley,Female,Product Management,67820,Kaduna,Not Rated
Adella Hartshorne,Female,Human Resources,41160,Abuja,Good
Barney Bonafant,Female,Engineering,48060,Abuja,Poor
Nessi Delves,Male,Training,56830,Kaduna,Very Good
Addi Studdeard,Female,Product Management,72500,Lagos,Very Poor
Benoite Ackermann,Female,Services,57080,Abuja,Average
Sharity Brands,Male,Product Management,104080,Abuja,Very Poor
Cassondra Giottini,Male,Marketing,,Kaduna,Not Rated
Beryl Burnsyde,Male,Legal,29770,Lagos,Good
Ollie Schirak,Male,Legal,48690,Lagos,Average
Amaleta Baltzar,Others,Research and Development,70080,Lagos,Very Poor
Katya Hundy,Male,Business Development,88510,Kaduna,Poor
Wyn Treadger,Female,Business Development,69190,Abuja,Average
Orton Livick,Male,Services,37920,Abuja,Average
Haven Belward,Male,Accounting,89120,Lagos,Good
Yasmeen Klimkiewich,Female,Legal,48140,Abuja,Very Good
Kristofor Powner,Male,Support,69340,Lagos,Average
Phillipp Nekrews,Male,Human Resources,71330,Kaduna,Very Good
Delora Arendt,Female,Marketing,67620,Abuja,Good
Archibaldo Denny,Female,Product Management,69740,Lagos,Not Rated
Jeane Blaszczak,Female,Engineering,44300,Lagos,Good
Codi Beck,Female,Business Development,40560,Lagos,Poor
Faunie Sinton,Female,Sales,115230,Abuja,Good
Nicol Giacomi,Female,Training,39750,Kaduna,Average
Crawford Scad,Male,Human Resources,72880,Lagos,Average
Vassili Flay,Others,Research and Development,108970,Abuja,Average
Halimeda Kuscha,Female,Engineering,112570,Abuja,Poor
Charmaine Howie,Male,Accounting,56810,Kaduna,Poor
Norrie Grahl,Others,Business Development,42950,Abuja,Poor
Ulick Maingot,Female,Services,42820,Kaduna,Average
Millie Fiveash,Female,Sales,57080,Kaduna,Average
Kayley Southwell,Female,Marketing,101670,Kaduna,Average
Reena McKernan,Female,Marketing,104750,Kaduna,Average
Seward Kubera,Male,Engineering,43330,Abuja,Very Good
Rois Garrigan,Male,Accounting,61430,Kaduna,Poor
Euell Willoughley,Male,Product Management,105800,Kaduna,Very Good
Lindi Morfey,Male,Training,99470,Kaduna,Good
Gradey Litton,Female,Accounting,68890,Kaduna,Good
Iris Wagg,Female,NULL,58860,Kaduna,Average
Angeline Christophersen,Female,Engineering,86940,Kaduna,Average
Farrel Vanyatin,Male,Support,118120,Lagos,Average
Kienan Epinay,Male,Marketing,91120,Kaduna,Poor
Aloisia Minto,Male,Research and Development,41420,Abuja,Good
Melisa Knott,Female,Training,86010,Kaduna,Average
Koral Gerriet,Male,Support,30080,Abuja,Average
Constantino Espley,Male,Accounting,96800,Abuja,Average
Desi Peniman,Female,Legal,31090,Lagos,Average
Torrance Collier,Female,Training,96140,Lagos,Good
Ede Mignot,Female,Research and Development,98640,Kaduna,Good
Marcia Muldrew,Female,Sales,71510,Lagos,Good
Quintina Kilgannon,Female,Legal,86490,Kaduna,Poor
Peria Revey,Others,Engineering,103240,Kaduna,Good
Carry Loblie,Female,Sales,47550,Kaduna,Average
Isadora Maunsell,Male,Sales,78490,Abuja,Average
Tamara Couvet,Female,Engineering,61050,Abuja,Average
Von Boeter,Male,Product Management,36370,Lagos,Good
Forester Feakins,Male,Business Development,47290,Abuja,Average
Gardy Eckersall,Male,Sales,79650,Kaduna,Good
Gamaliel Ewins,Male,Product Management,119660,Abuja,Average
Win Arthurs,Female,Support,43200,Abuja,Average
Richy Gray,Female,Product Management,89830,Kaduna,Very Good
Patricia Dwelly,Male,Accounting,91500,Lagos,Poor
Erv Balmann,Female,Services,29670,Lagos,Very Good
Demetria Le Estut,Female,Support,75720,Abuja,Very Poor
Deedee Ciotto,Male,NULL,34830,Lagos,Poor
Evanne Sheryn,Female,Services,81900,Abuja,Average
Collette Blackaller,Female,Human Resources,42380,Kaduna,Good
Mariann Mowat,Male,Marketing,32620,Kaduna,Good
Tabbatha Pickston,Male,Marketing,72040,Abuja,Average
Vlad Strangeway,Male,Product Management,77740,Abuja,Good
Duky Wallace,Male,Business Development,102140,Kaduna,Average
Townie Dongall,Male,Legal,48630,Kaduna,Not Rated
Shana Bewly,Female,Legal,105960,Abuja,Poor
Mick Tanguy,Female,Research and Development,97400,Lagos,Good
Tadio Audritt,Others,Human Resources,99450,Abuja,Average
Torey Rosell,Male,Accounting,82670,Kaduna,Average
Chrisy Kyme,Female,Marketing,99200,Lagos,Very Good
Morten Dumphy,Male,Legal,111480,Kaduna,Poor
Issy McLevie,Male,Research and Development,84940,Kaduna,Poor
Michaeline Capehorn,Female,Support,95340,Lagos,Poor
Corny Linturn,Female,Product Management,47960,Kaduna,Poor
Berny Bastide,Others,Research and Development,56710,Kaduna,Average
Aindrea Lenormand,Female,Human Resources,71180,Abuja,Good
Nels McClounan,Male,Training,,Abuja,Average
Shanon Deverell,Female,Research and Development,78180,Lagos,Very Good
Vaughn Carvill,Female,Training,84750,Lagos,Average
Kora Allebone,Female,Legal,98970,Lagos,Not Rated
Millard Brakewell,Male,Product Management,76560,Kaduna,Good
Lizzie Mullally,Male,Support,,Kaduna,Average
Florie Tortoise,Female,Sales,35930,Abuja,Average
Caro Chappel,Female,Sales,104410,Kaduna,Average
Letisha Carrett,Female,Sales,84600,Abuja,Very Poor
Melva Jickells,Female,Product Management,68800,Lagos,Poor
Sadie Ratt,Male,NULL,38660,Lagos,Good
Riccardo Hagan,Male,Human Resources,86560,Abuja,Average
Chauncey Schild,Female,Support,107340,Abuja,Average
Amery Ofer,Female,Legal,111050,Abuja,Very Good
Aube Chadderton,Female,Human Resources,,Abuja,Average
Michaella Perri,Male,Training,75320,Lagos,Very Poor
Mord Cromblehome,Male,Legal,57910,Kaduna,Average
Major O'Cahsedy,Female,Legal,29490,Abuja,Not Rated
Joana Bartocci,Male,Human Resources,52670,Kaduna,Average
Sly Cowley,Male,Accounting,48530,Abuja,Average
Augusta Cheetham,Male,Research and Development,105470,Abuja,Average
Diarmid Alman,Female,Training,98200,Abuja,Poor
Gearard Wixon,Male,Human Resources,106190,Abuja,Very Good
Kaye Crocroft,Male,Sales,52610,Lagos,Poor
Egor Minto,Others,Legal,63450,Abuja,Good
Bren Absolon,Male,Accounting,74710,Abuja,Good
Alexine Portail,Female,Sales,60330,Lagos,Average
Duffie Ibel,Male,Sales,61010,Kaduna,Average
Gilles Jaquet,Female,Accounting,76300,Kaduna,Not Rated
Payton Pickervance,Male,Marketing,117020,Kaduna,Average
Barny Fairweather,Male,Marketing,77130,Lagos,Very Poor
Margot Royds,Female,Human Resources,106930,Lagos,Average
Frederik Dartan,Male,Engineering,62090,Abuja,Very Good
Aubert Wedmore.,Female,Marketing,61330,Lagos,Average
Krystal Lambswood,Female,Training,41600,Abuja,Not Rated
Nanice Boatwright,Others,Marketing,105870,Abuja,Very Poor
Northrup Aires,Female,Human Resources,118300,Kaduna,Average
Janina Wolverson,Female,Research and Development,99680,Kaduna,Good
Floria Olivia,Female,Sales,101500,Abuja,Good
Andrea Becker,Female,Human Resources,46160,Kaduna,Average
Louise Lamming,Female,Sales,41930,Lagos,Average
Renaldo Thomassin,Male,Business Development,73360,Kaduna,Average
Carmel Pancoust,Female,Services,119550,Abuja,Good
Tatum Hush,Female,Human Resources,53240,Abuja,Good
Aldrich Glenny,Male,Business Development,90880,Kaduna,Average
Calvin O'Carroll,Female,Research and Development,44450,Kaduna,Very Poor
Griz Thorington,Male,Support,47670,Abuja,Average
Greta Bagehot,Female,NULL,111420,Kaduna,Not Rated
Eddy Stolze,Male,Training,47760,Kaduna,Average
L;urette Bontein,Male,Product Management,47650,Abuja,Good
Cindee Saice,Female,Services,103360,Abuja,Very Good
Erin Androsik,Male,Human Resources,48530,Kaduna,Poor
Genovera Ghost,Male,Marketing,72160,Kaduna,Average
Felicdad Heibel,Male,Business Development,60800,Abuja,Average
Jobey Boneham,Female,Services,74010,Kaduna,Average
Radcliffe Fairpool,Female,Services,60760,Lagos,Very Good
Gigi Bohling,Male,Engineering,74550,Lagos,Average
Gare Mattiussi,Male,Engineering,32500,Abuja,Poor
Carlin Demke,Male,Business Development,110040,Lagos,Good
Wilt Wayvill,Female,Legal,99750,Kaduna,Average
Ardyce Eacott,Female,Human Resources,92470,Kaduna,Average
Lane Monteaux,Female,Engineering,109980,Kaduna,Average
Cathi Gillbee,Male,Legal,41790,Abuja,Average
Ronnie Mesias,Male,Support,86360,Kaduna,Very Poor
Hali Behnecke,Male,Human Resources,65570,Kaduna,Very Good
Grady Rochelle,Female,Accounting,69160,Kaduna,Very Good
Crissie Cordel,Female,Product Management,41570,Abuja,Good
Durand Backhouse,Female,Sales,83400,Kaduna,Poor
Wendel Malletratt,Male,Business Development,67660,Kaduna,Very Poor
Shellysheldon Ellerman,Female,Product Management,34470,Abuja,Good
Emmeline Bestwerthick,Female,Sales,38240,Kaduna,Not Rated
Marmaduke Worssam,Female,Engineering,78380,Abuja,Very Poor
Murial Ickovici,Female,Business Development,72500,Lagos,Average
Honoria Cootes,Female,Engineering,115640,Abuja,Average
Garvin Delacroix,Male,NULL,46250,Abuja,Average
Merrel Blind,Female,Product Management,82120,Lagos,Average
Rosamond Fishe,Male,Services,108160,Lagos,Good
Shelley Moncreiffe,Male,Sales,108360,Abuja,Average
Cecilla Joselevitch,Female,Human Resources,77840,Abuja,Poor
Jolynn Behnecken,Female,Services,85180,Kaduna,Poor
Adolph McNalley,Male,Business Development,85920,Abuja,Poor
Pippy Roxby,Female,Human Resources,106490,Kaduna,Average
Jessi Calterone,Male,Legal,38520,Lagos,Poor
Moore Gligoraci,Female,Training,49530,Lagos,Average
Mallory Goldsberry,Male,Product Management,29610,Abuja,Average
Nerissa Kavanagh,Male,Training,84170,Abuja,Good
Foss Asquez,Male,Support,92190,Abuja,Average
Ab Lehrian,Male,NULL,82240,Lagos,Average
Mickey Pybus,Male,Human Resources,87850,Kaduna,Good
Timmy Brenston,Male,Business Development,43700,Lagos,Average
Romona Melody,Female,Services,88690,Lagos,Not Rated
Bendite Bloan,Male,Marketing,31820,Lagos,Average
Andrea Penfold,Male,Marketing,70230,Kaduna,Average
Shari Pickston,Male,Legal,96320,Abuja,Average
Dennison Crosswaite,Male,Legal,90700,Abuja,Very Poor
Lucias Minico,Female,Services,67960,Kaduna,Average
Helaine Lyddy,Male,Services,103110,Kaduna,Good
Carlene Torry,Female,Engineering,59610,Lagos,Good
Vere Kulic,Male,Legal,66570,Abuja,Poor
Enrichetta Mowles,Female,Accounting,74390,Kaduna,Average
Delinda Snozzwell,Others,Engineering,67010,Abuja,Good
Cecilio Sprankling,Male,Research and Development,109710,Abuja,Average
Nickolai Artin,Female,Product Management,110910,Lagos,Average
Beryl Burnsyde,Male,Legal,29770,Abuja,Very Good
Ambrosio Daniely,Female,Support,80060,Kaduna,Very Good
Simon Kembery,Male,Training,99750,Lagos,Average
Brig Dewi,Male,Sales,108250,Lagos,Average
Althea Bronger,Male,Product Management,104340,Kaduna,Average
Ansley Gounel,Female,Product Management,38440,Lagos,Average
Daven Smout,Female,Support,50800,Abuja,Very Good
Julietta Culross,Female,NULL,44400,Lagos,Average
Niall Selesnick,Female,Engineering,34980,Lagos,Good
Lia Lurner,Female,Support,77260,Abuja,Average
Rodrigo Congdon,Female,Legal,117940,Lagos,Average
Brendan Edgeller,Female,Legal,31040,Abuja,Good
Revkah Antonacci,Male,NULL,109140,Abuja,Average
Dewey Berthod,Female,NULL,,Lagos,Average
Fidelio Rigmond,Male,Services,96370,Lagos,Not Rated
Ginger Myott,Female,Services,31170,Abuja,Average
Hatti Vezey,Female,Business Development,116240,Kaduna,Average
Eilis Pavlasek,Male,Product Management,115190,Kaduna,Very Poor
Kellsie Waby,Male,Training,79570,Kaduna,Average
Easter Pyke,Female,Training,95680,Kaduna,Very Good
Inger Andriveaux,Others,Accounting,107110,Abuja,Good
Corina Triner,Male,Sales,66100,Kaduna,Poor
Loralyn Bruton,Male,Legal,39960,Abuja,Average
Clari Boole,Male,NULL,111850,Kaduna,Average
Susy Challoner,Female,Business Development,29890,Kaduna,Good
Jan Morforth,Male,Marketing,48170,Abuja,Good
Cindi Stratten,Female,Services,99200,Lagos,Good
Marline Wahncke,Male,Legal,72840,Abuja,Average
Violetta Vial,Male,Engineering,68970,Kaduna,Average
Beatriz Bateson,Male,Marketing,89090,Kaduna,Good
Angeline Christophersen,Female,Engineering,86940,Abuja,Poor
Evangelia Gowers,Male,Business Development,118450,Kaduna,Very Good
Fonzie O'Shea,Male,Product Management,80360,Kaduna,Average
Janene Hairsine,Female,Marketing,104770,Abuja,Average
Linell Compfort,Female,Accounting,70440,Abuja,Very Good
Shaylah Owbrick,Male,Support,56900,Abuja,Average
Erin Androsik,Male,Human Resources,48530,Lagos,Very Good
Honor Herreros,Male,Research and Development,,Abuja,Average
Bethanne Leicester,Others,Services,72450,Abuja,Not Rated
Ottilie Vittel,Female,Business Development,34500,Abuja,Not Rated
Barnaby Farnall,Others,Engineering,118800,Kaduna,Very Good
Arlie Newcombe,Male,Accounting,,Lagos,Not Rated
Ashien Gallen,Female,Research and Development,115080,Abuja,Very Good
Stan Tolliday,Female,Sales,39540,Lagos,Average
Minetta Parsons,Female,Human Resources,110770,Abuja,Average
Abe Gayter,Male,Training,,Lagos,Good
Kissiah Maydway,Male,Accounting,106460,Lagos,Poor
Charline Husset,Male,Support,94530,Abuja,Poor
Lorain Tew,Female,Business Development,71590,Lagos,Poor
North Bertomeu,Female,Marketing,104900,Abuja,Good
Martita Beaumont,Male,Engineering,81790,Lagos,Not Rated
Janaya MacGinlay,Female,Support,33050,Abuja,Average
Cara Havers,Male,Marketing,89610,Kaduna,Very Good
Ancell Moretto,Female,Product Management,96920,Abuja,Very Poor
Minerva Ricardot,Male,NULL,105470,Abuja,Not Rated
Toby Brodhead,Female,Accounting,98400,Lagos,Average
Tulley Chiddy,Female,Accounting,,Lagos,Very Good
Niles Mahomet,Female,Human Resources,50020,Abuja,Average
Avigdor Karel,Male,Training,71210,Kaduna,Average
Luca Wolstenholme,Male,Engineering,53180,Kaduna,Average
Efrem Mathonnet,Female,Human Resources,107020,Kaduna,Average
Latisha Jolly,Female,Research and Development,58400,Lagos,Average
Quentin Ferraresi,Female,Accounting,49000,Abuja,Good
Marco Wooland,Female,Services,85530,Kaduna,Average
Thekla Lynnett,Male,Training,53950,Lagos,Poor
Pedro Carluccio,Male,Services,41140,Lagos,Average
Caron Kolakovic,Male,Accounting,49920,Kaduna,Average
Debera Gow,Female,Research and Development,39700,Lagos,Average
Hoyt D'Alesco,Male,Sales,53540,Abuja,Poor
Rudyard Tomsa,Female,Marketing,43900,Kaduna,Good
Orran Gritskov,Female,Legal,72700,Lagos,Not Rated
Tyson Prescote,Male,Human Resources,29420,Kaduna,Average
Berenice Osbaldstone,Female,Legal,58280,Abuja,Average
Jessika Jaycocks,Female,Research and Development,67980,Lagos,Average
Gabie Millichip,Male,Legal,49760,Abuja,Very Good
Pearla Beteriss,Male,Services,69910,Kaduna,Good
Harwilll Domotor,Male,Training,112370,Kaduna,Average
Carolina Blumsom,Male,Legal,28580,Abuja,Average
Ryon Baroch,Male,Accounting,43590,Abuja,Poor
Georg Dinnage,Male,Training,88330,Kaduna,Good
Marissa Infante,Others,Training,78840,Lagos,Average
Daisie Dahlman,Female,Human Resources,61990,Lagos,Not Rated
Joli Jodrelle,Male,Services,77100,Kaduna,Good
Jessica Callcott,Female,Marketing,66020,Lagos,Very Good
Michail Sicha,Male,Marketing,,Kaduna,Very Poor
Sabina Scorrer,Female,Support,70930,Kaduna,Average
Bayard Gendricke,Male,Legal,40980,Kaduna,Very Poor
Esmaria Denecamp,Male,Marketing,48980,Kaduna,Very Poor
Antone Tolmie,Male,Training,110820,Kaduna,Good
Tammi Lackham,Female,Business Development,61690,Abuja,Good
Northrop Reid,Female,NULL,51170,Kaduna,Average
Nananne Gehringer,Others,Support,104800,Lagos,Average
Loren Bentote,Male,Accounting,56280,Kaduna,Poor
Manolo Gasnell,Male,Engineering,88380,Kaduna,Good
Wyatt Clinch,Male,Engineering,52590,Lagos,Good
Giselbert Newlands,Male,Services,47650,Abuja,Poor
Cristal Demangeot,Female,Sales,72350,Abuja,Good
Jaime Dowe,Female,Accounting,39940,Lagos,Average
Addia Penwright,Male,Research and Development,28130,Abuja,Poor
Ali Roubert,Others,Engineering,69460,Abuja,Very Good
Emmye Corry,Male,Services,109030,Abuja,Very Good
Addy Pimblett,Male,Product Management,66460,Lagos,Average
Angela Bangley,Female,Training,50810,Abuja,Not Rated
Elbertine Hiscoe,Female,Training,,Abuja,Good
Baudoin Dummigan,Male,Legal,114510,Kaduna,Average
Lissy McCoy,Female,Business Development,86230,Abuja,Poor
Ingunna Wainscoat,Male,Support,73240,Kaduna,Average
Amii Elms,Female,Business Development,53920,Kaduna,Poor
Ignacio Delion,Female,Engineering,113690,Kaduna,Average
Colby Reuven,Male,Business Development,101790,Lagos,Average
Maggee Stiggles,Female,Engineering,38930,Abuja,Average
Kelci Walkden,Male,Human Resources,57090,Kaduna,Very Poor
Bogey Hitcham,Male,Product Management,106170,Lagos,Poor
Pembroke Siflet,Female,Human Resources,59550,Abuja,Average
Adolph Hartin,Male,Product Management,89960,Lagos,Poor
Gisela Wille,Others,Support,58850,Lagos,Poor
Joyce Leyband,Female,Product Management,68200,Lagos,Average
Reube Sushams,Male,Marketing,90130,Kaduna,Good
Mathian MacMeeking,Female,Services,45060,Kaduna,Good
Antonino Forsdicke,Male,Product Management,66370,Lagos,Average
Mick Spraberry,Female,Services,85880,Abuja,Good
Benita Gillice,Male,Accounting,,Kaduna,Poor
Caresa Christer,Male,Support,59260,Lagos,Poor
Letizia Hasselby,Male,Legal,61790,Abuja,Average
Luce Beentjes,Male,Training,48180,Abuja,Good
Sammy Gantlett,Female,Product Management,74800,Lagos,Very Poor
Pooh Splevins,Female,Business Development,31020,Lagos,Average
Aeriela Aickin,Male,Product Management,37550,Abuja,Average
Tabbatha Pickston,Male,Marketing,72040,Abuja,Good
Tawnya Tickel,Male,Support,118840,Abuja,Not Rated
Royal Nowakowska,Male,Human Resources,79570,Kaduna,Average
Winny Millam,Female,Business Development,94050,Lagos,Not Rated
Michael Sidry,Male,Product Management,81260,Abuja,Average
Nolan Tortis,Male,Support,36710,Abuja,Average
De witt Lottrington,Female,Sales,98360,Abuja,Very Poor
Baxter Brocks,Female,Human Resources,39680,Abuja,Poor
Joyce Esel,Male,Sales,101390,Kaduna,Good
Van Tuxwell,Female,Business Development,80700,Abuja,Good
Fidela Artis,Female,Sales,78020,Lagos,Average
Dov Thoresby,Male,Support,115490,Abuja,Poor
Aloise MacCathay,Male,NULL,,Lagos,Average
Cathi Delgardo,Male,Product Management,111910,Abuja,Good
Doro Nolte,Female,Services,109050,Kaduna,Average
Easter Pyke,Female,Training,95680,Abuja,Average
Noll Forbear,Male,Services,109380,Kaduna,Average
Myer McCory,Male,Research and Development,69710,Kaduna,Average
Doralyn Segar,Female,Support,30000,Kaduna,Average
Clo Jimpson,Male,Legal,57620,Lagos,Very Poor
Brose MacCorkell,Female,Human Resources,35940,Lagos,Poor
Audry Yu,Female,Training,101190,Abuja,Average
Dolley Grayley,Female,Legal,48980,Abuja,Very Good
Meredith Rucklidge,Male,Legal,115840,Lagos,Not Rated
Valida Merrigans,Male,Sales,,Kaduna,Very Poor
Rory Ravenscroftt,Female,Accounting,45450,Kaduna,Very Good
Verla Timmis,Male,Support,54140,Abuja,Average
Jo Benoi,Female,Human Resources,117520,Kaduna,Average
Marquita Liquorish,Female,Legal,,Kaduna,Average
Caty Janas,Male,Accounting,93210,Lagos,Poor
Pennie Walmsley,Male,Support,104470,Lagos,Not Rated
Virge Garfield,Male,Training,110890,Abuja,Poor
Rebecca Shillan,Male,Research and Development,,Abuja,Good
Myrilla Mercik,Female,Training,96660,Kaduna,Average
Giacobo Donke,Male,Services,118360,Kaduna,Average
Barbara-anne Kenchington,Female,Support,88030,Abuja,Average
Aida Bleacher,Male,Product Management,87810,Abuja,Not Rated
Cly Vizard,Male,Business Development,51520,Abuja,Average
Aleksandr Botha,Male,Sales,60260,Abuja,Not Rated
Evangelina Lergan,Male,Support,61210,Kaduna,Average
Maritsa Marusic,Male,Research and Development,52750,Kaduna,Average
Tamar MacGilfoyle,Male,Product Management,47270,Kaduna,Average
Chancey Dyos,Male,Sales,118060,Kaduna,Good
Isaak Rawne,Male,Marketing,37360,Lagos,Average
Gideon Hehir,Female,Business Development,66510,Kaduna,Average
Irena Trousdell,Female,Marketing,29530,Kaduna,Very Poor
Gino Groome,Female,Research and Development,60440,Lagos,Very Good
Lamond Douthwaite,Male,Engineering,90530,Lagos,Very Poor
Ebonee Roxburgh,Male,Training,67950,Kaduna,Very Good
Nathanial Brounfield,Male,Accounting,105120,Kaduna,Average
Mallorie Waber,Male,Training,60570,Lagos,Good
Ewart Laphorn,Female,Training,119110,Kaduna,Good
Hilliary Roarty,Male,Services,104770,Kaduna,Poor
Putnem Manchester,Male,Sales,70360,Lagos,Average
Lanie Gatlin,Female,Support,45110,Abuja,Not Rated
Michel Jados,Male,Research and Development,,Abuja,Very Poor
Lezlie Philcott,Female,Research and Development,,Lagos,Not Rated
Sharl Bendson,Female,Business Development,33630,Abuja,Poor
William Reeveley,Male,Training,53870,Abuja,Good
Granville Stetson,Female,Engineering,111190,Lagos,Average
Mirna Etoile,Female,Legal,29970,Kaduna,Average
Freddie Johnikin,Male,Support,64960,Lagos,Average
Natalee Craiker,Male,Product Management,111230,Abuja,Average
Mariette Daymont,Female,Sales,99530,Abuja,Average
Aldrich Glenny,Male,Business Development,90880,Abuja,Not Rated
Lonny Caen,Female,Research and Development,35980,Lagos,Very Good
Murial Ickovici,Female,Business Development,72500,Kaduna,Good
Kath Bletsoe,Male,Marketing,65700,Abuja,Very Poor
Gayla Blackadder,Female,Services,109170,Lagos,Good
Adela Dowsett,Male,Support,95020,Lagos,Average
Addi Studdeard,Female,Product Management,72500,Abuja,Poor
Sharron Petegree,Female,Product Management,87290,Kaduna,Good
Eleonore Airdrie,Female,Engineering,97110,Abuja,Average
Rhiamon Mollison,Female,Research and Development,59430,Lagos,Average
Karon Oscroft,Male,Marketing,112120,Lagos,Average
Edi Hofton,Male,Research and Development,28160,Abuja,Not Rated
Derk Bosson,Female,Legal,75870,Lagos,Average
Lorrie Derycot,Female,Support,93270,Lagos,Average
Hartwell Pratchett,Female,Training,42730,Lagos,Average
Van Ruseworth,Female,Services,80610,Abuja,Average
Inge Creer,Female,Services,69060,Lagos,Very Poor
Elwira Lyddiard,Male,Product Management,31280,Abuja,Average
Kincaid Hellicar,Male,Business Development,96610,Kaduna,Very Good
Maximo Guirard,Female,Business Development,37020,Kaduna,Average
Alta Kaszper,Male,Training,54970,Lagos,Average
Lamar Blewitt,Male,Services,41910,Lagos,Poor
Hector Isard,Male,Support,116970,Abuja,Very Good
Barbara-anne Kenchington,Female,Support,88030,Kaduna,Very Good
Judi Cosgriff,Female,Human Resources,86390,Abuja,Good
Janean Gostage,Male,Services,81150,Abuja,Not Rated
Delphine Jewis,Female,Accounting,71820,Kaduna,Average
Matias Cormack,Male,Research and Development,85460,Kaduna,Average
Rogers Rosenthaler,Female,Business Development,91190,Lagos,Poor
Clarine Shambrooke,Others,Support,93160,Lagos,Average
Thedrick Rogeon,Male,Marketing,110950,Kaduna,Poor
Roanne Phizacklea,Female,Product Management,35990,Abuja,Average
Devinne Tuny,Male,Engineering,39970,Kaduna,Average
Martelle Brise,Male,Training,79520,Kaduna,Average
Dino Wooderson,Male,Legal,52120,Abuja,Poor
Effie Vasilov,Male,Support,60010,Lagos,Average
Jermaine Steers,Female,Accounting,35440,Abuja,Good
Saunders Blumson,Others,Legal,56370,Abuja,Average
Elliot Revelle,Male,Legal,,Abuja,Average
Mora Innett,Female,Legal,105610,Lagos,Poor
Mahalia Larcher,Male,Accounting,113280,Abuja,Good
Dotty Strutley,Female,Engineering,41980,Lagos,Average
Margy Elward,Male,Business Development,103670,Lagos,Average
Danica Nayshe,Female,Services,89690,Kaduna,Good
Shari Pickston,Male,Legal,96320,Lagos,Not Rated
Merrilee Plenty,Female,Research and Development,87620,Abuja,Good
Romona Dimmne,Female,Research and Development,48250,Kaduna,Poor
Lark Ironmonger,Male,Marketing,85780,Abuja,Poor
Aube Chadderton,Female,Human Resources,,Lagos,Average
Caritta Searl,Male,Sales,54010,Kaduna,Poor
Ernestus O'Hengerty,Female,Research and Development,31020,Abuja,Average
Camilla Castle,Female,Product Management,75480,Kaduna,Average
Bette-ann Leafe,Male,Human Resources,93500,Abuja,Average
Aurelia Stanners,Female,Services,98630,Lagos,Good
Shelby Buckland,Male,Services,76390,Lagos,Average
Barr Faughny,Female,Marketing,68010,Abuja,Average
Farris Ditchfield,Male,Human Resources,58030,Kaduna,Good
Gerald Caple,Male,Training,59300,Kaduna,Good
Grier Kidsley,Female,Product Management,51800,Abuja,Average
Yves Pawlik,Male,Accounting,57930,Abuja,Very Good
Korney Bockings,Male,Engineering,40530,Lagos,Average
Stephan Bussel,Male,Research and Development,48290,Kaduna,Average
Caron Pleven,Female,Human Resources,,Abuja,Average
Jedd Moretto,Male,Support,63720,Kaduna,Very Good
Verney Sloegrave,Male,Sales,84500,Kaduna,Average
Nerita Mycock,Male,Accounting,67430,Kaduna,Average
Mella Northam,Male,Support,109120,Kaduna,Not Rated
Thedrick Bothwell,Male,Business Development,69760,Kaduna,Average
Georgianne Archbutt,Female,Services,45600,Kaduna,Not Rated
Thorvald Milliken,Female,Business Development,33030,Lagos,Good
Aileen McCritchie,Male,Business Development,80170,Lagos,Average
Drusy MacCombe,Male,Training,43510,Kaduna,Average
Cathyleen Hurch,Female,Sales,49390,Lagos,Average
Jannel Labb,Female,Research and Development,47910,Kaduna,Average
Cheryl Mantz,Male,Sales,35740,Kaduna,Good
Madlen Ashburner,Male,Support,42240,Abuja,Very Good
Colly Littledike,Female,Services,117150,Lagos,Average
Karyn Creeghan,Male,Engineering,36540,Kaduna,Good
Edgard Irving,Others,Research and Development,87290,Kaduna,Good
Cyril Medford,Female,Research and Development,85720,Abuja,Average
Kikelia Ellor,Others,Engineering,34620,Kaduna,Very Good
Dael Bugge,Male,Training,62690,Lagos,Poor
Joyce Esel,Male,Sales,101390,Kaduna,Average
Ferrell Skepper,Female,Research and Development,30250,Kaduna,Average
Hannis January,Male,Business Development,29530,Lagos,Not Rated
Pierson Measham,Male,Business Development,103160,Kaduna,Good
Xylina Pargetter,Female,Legal,109790,Kaduna,Average
Aretha Ettridge,Female,Accounting,33760,Abuja,Average
Joshia Farris,Female,Legal,36740,Kaduna,Average
Cathi Delgardo,Male,Product Management,111910,Abuja,Not Rated
Mabel Orrow,Male,Product Management,31240,Abuja,Poor
Alexandros Rackley,Female,Legal,75730,Kaduna,Not Rated
Mickie Dagwell,Male,Engineering,50860,Abuja,Not Rated
Mariette Daymont,Female,Sales,99530,Lagos,Not Rated
Win Arthurs,Female,Support,43200,Abuja,Very Good
Marni Jull,Female,Services,84200,Abuja,Good
Sandy Cadden,Female,Legal,95980,Lagos,Average
Wyn Treadger,Female,Business Development,69190,Kaduna,Good
Marney O'Breen,Female,Product Management,65920,Kaduna,Good
Westbrook Brandino,Male,Legal,113620,Lagos,Poor
Sandi Labat,Male,Sales,60140,Abuja,Average
Leilah Yesinin,Female,Research and Development,92450,Kaduna,Not Rated
Lincoln Greatex,Male,Human Resources,34650,Abuja,Average
Patti Dradey,Male,Services,84740,Lagos,Average
Oona Donan,Female,Business Development,88360,Lagos,Average
Burtie Moulden,Female,Services,116220,Lagos,Poor
Mathian MacMeeking,Female,Services,45060,Lagos,Average
Reg MacMichael,Male,Services,106890,Kaduna,Average
Ignacius Losel,Male,Legal,28480,Kaduna,Poor
Tonia Moules,Female,Business Development,,Abuja,Good
Joey Keedwell,Female,Marketing,107440,Kaduna,Poor
Clo Jimpson,Male,Legal,57620,Abuja,Good
Bryant Scamp,Female,Human Resources,29810,Kaduna,Average
Mick Titman,Male,Training,105330,Lagos,Poor
Trudie Couch,Female,Legal,43110,Lagos,Average
Cyndia Skedge,Male,Support,52630,Abuja,Average
Francoise Godbold,Male,Sales,46350,Kaduna,Average
Staford Brood,Female,NULL,39800,Kaduna,Good
Filmore Fitzhenry,Male,Human Resources,108170,Kaduna,Not Rated
Berna Dubery,Male,Services,69730,Kaduna,Very Poor
Gerrard Doorey,Male,Product Management,110200,Abuja,Average
Hiram Merkle,Male,Legal,116090,Kaduna,Not Rated
Zebulon Allmen,Others,Business Development,52140,Abuja,Average
Kingsley Hagard,Male,Engineering,32810,Kaduna,Average
My Hanscome,Male,Sales,59430,Lagos,Average
Eldredge MacClure,Male,Legal,46990,Kaduna,Average
Pauletta Falkus,Male,Sales,33560,Kaduna,Average
Deck McCallion,Male,Sales,33890,Abuja,Average
Miguel Woolner,Male,Training,51740,Kaduna,Poor
Yolande O'Dare,Female,Accounting,51650,Abuja,Good
Kit Battlestone,Female,Research and Development,115980,Abuja,Good
Glennis Fussen,Female,Sales,58370,Kaduna,Good
Rhiamon Mollison,Female,Research and Development,59430,Abuja,Average
Theresita Chasmer,Female,Product Management,106670,Lagos,Average
Pippy Shepperd,Female,Accounting,44850,Kaduna,Very Good
Petronella Marusik,Male,Accounting,75600,Abuja,Average
Andria Kimpton,Male,Product Management,69120,Abuja,Average
Jarad Barbrook,Female,Human Resources,31200,Abuja,Very Poor
Dulsea Folkes,Female,Services,42160,Lagos,Very Good
Herschel Wareham,Male,Services,110830,Kaduna,Average
Skip Morkham,Female,Marketing,83180,Kaduna,Average
Merrilee Plenty,Female,Research and Development,87620,Abuja,Very Good
Dayle O'Luney,Female,Research and Development,46750,Abuja,Good
Gray Seamon,Female,Business Development,78540,Kaduna,Average
Krysta Elacoate,Male,Human Resources,106930,Abuja,Very Poor
Abramo Labbez,Female,Research and Development,77000,Lagos,Average
Faun Rickeard,Male,Product Management,74920,Lagos,Average
Jamesy O'Ferris,Male,Accounting,36550,Kaduna,Average
Fanchon Furney,Male,Accounting,95950,Abuja,Average
Pate Beardsley,Male,Services,85880,Lagos,Very Good
Grady Crosgrove,Others,Sales,77910,Kaduna,Average
Darcy Brewitt,Male,Human Resources,116670,Kaduna,Average
Foss Asquez,Male,Support,92190,Kaduna,Not Rated
Gilda Richen,Female,Support,71920,Abuja,Poor
Antonino Forsdicke,Male,Product Management,66370,Abuja,Average
Jobie Basili,Female,Sales,39340,Kaduna,Good
Everard Borer,Female,Marketing,,Abuja,Average
Anni Izzard,Male,Human Resources,103490,Abuja,Good
Bebe Pollicott,Female,Legal,87740,Kaduna,Average
Julian Andrassy,Female,Marketing,113980,Lagos,Poor
Shell O'Griffin,Female,Sales,,Lagos,Average
Dionne Garrish,Female,Engineering,41600,Abuja,Good
Gilles Jaquet,Female,Accounting,76300,Kaduna,Good
Alexis Gotfrey,Male,Engineering,114470,Lagos,Very Good
Xavier Filipic,Female,Marketing,31050,Kaduna,Good
Liane Bedburrow,Female,Training,76620,Abuja,Average
Meara Darrington,Male,Engineering,76190,Abuja,Poor
Genevra Friday,Female,Research and Development,50450,Lagos,Average
Penni Patemore,Male,Services,29330,Kaduna,Average
Yanaton Wooster,Male,Marketing,76930,Abuja,Average
Hedvige Stelfox,Female,Human Resources,33800,Abuja,Average
Tammy Backson,Female,Marketing,44820,Abuja,Average
Delinda Snozzwell,Others,Engineering,67010,Abuja,Good
Inger Chapelhow,Female,Research and Development,84310,Lagos,Average
Arty Duigan,Male,Legal,108600,Abuja,Very Good
Nani Brockley,Male,Product Management,47000,Abuja,Good
Curtice Advani,Male,Product Management,59810,Lagos,Average
Leela Eckart,Male,Legal,90340,Kaduna,Average
Krystal Lambswood,Female,Training,41600,Kaduna,Poor
Cristal Demangeot,Female,Sales,72350,Kaduna,Poor
Jori Ashleigh,Male,Legal,64270,Abuja,Average
Leslie Baruch,Female,Accounting,103990,Kaduna,Very Good
Helene Bouts,Male,Sales,70380,Lagos,Good
Eleni O'Quin,Male,Legal,89020,Lagos,Average
Alic Bagg,Male,Legal,113750,Kaduna,Average
Maible Azemar,Male,Accounting,,Kaduna,Average
Abran Danielsky,Female,Engineering,32720,Kaduna,Average
Halette Yesenev,Male,Services,61920,Kaduna,Average
Cleveland Pottiphar,Female,Marketing,74600,Lagos,Very Good
Osborn Pawle,Male,Training,38030,Abuja,Average
Chas Happel,Female,Services,30940,Kaduna,Very Poor
Roth Bourget,Male,Services,28870,Kaduna,Average
Maisie Shotboulte,Female,Marketing,71210,Abuja,Very Good
Felita Whitloe,Male,Training,63450,Kaduna,Good
Cindi McDuffy,Female,Services,87930,Abuja,Very Poor
Murry Dryburgh,Male,Research and Development,69070,Abuja,Average
Dorise Labat,Male,Business Development,101610,Kaduna,Average
Hephzibah Summerell,Female,Services,28310,Abuja,Average
Alyosha Riquet,Male,Legal,89840,Abuja,Very Good
Maximo Ungerecht,Male,Support,96250,Lagos,Average
Lezlie Balmann,Male,Product Management,112460,Kaduna,Poor
Benny Karolovsky,Others,Human Resources,115440,Abuja,Average
Gretchen Callow,Female,Training,33920,Kaduna,Average
Candace Hanlon,Male,Support,46280,Lagos,Average
Oby Sorrel,Female,Support,58940,Kaduna,Average
Cecilia Marshalleck,Female,Marketing,118980,Abuja,Not Rated
Antonetta Coggeshall,Male,Sales,96750,Kaduna,Average
Purcell Le Pine,Others,Legal,101220,Kaduna,Good
Archibald Dyzart,Male,Product Management,63020,Abuja,Average
Lil Ibberson,Male,Business Development,75920,Kaduna,Good
Karita Vasyanin,Male,Legal,93080,Lagos,Average
Joaquin McVitty,Male,Sales,68860,Lagos,Good
Collen Dunbleton,Male,Engineering,118980,Abuja,Poor
Alysa Wankling,Others,Legal,106460,Lagos,Good
Ardella Dyment,Female,Business Development,70650,Kaduna,Good
Ryun Fasset,Male,NULL,101120,Kaduna,Very Good
Rodina Drinan,Female,Sales,77050,Abuja,Good
Louise Lamming,Female,Sales,41930,Abuja,Poor
Marga Lorenzo,Female,Legal,89360,Abuja,Good
Alvie Keming,Female,Legal,37840,Kaduna,Poor
Sheff Gerdts,Male,Business Development,89160,Abuja,Average
Josie Barnson,Female,Training,74110,Kaduna,Very Good
Petey Probey,Male,Services,31630,Kaduna,Poor
Shelbi Aldin,Female,Research and Development,40910,Abuja,Poor
Estell Kingsland,Male,Sales,32190,Kaduna,Average
Lea Chaplin,Female,Human Resources,73490,Kaduna,Poor
Onofredo Hassan,Male,Product Management,52220,Kaduna,Average
Hyacinthie Braybrooke,Female,Support,68900,Abuja,Average
Agnes Collicott,Female,Sales,83750,Abuja,Average
Margarete Blasing,Male,Support,110970,Kaduna,Not Rated
Patience Noot,Female,Business Development,49520,Abuja,Average
Charmane Heistermann,Female,Business Development,86560,Kaduna,Average
Jamal Beagen,Female,Support,35830,Kaduna,Average
Brigid Jeffrey,Female,Support,53910,Kaduna,Good
Nelli Schoolfield,Female,Engineering,109870,Kaduna,Average
Abigael Basire,Male,Engineering,61620,Abuja,Average
Anjanette Ferre,Others,Human Resources,67960,Abuja,Average
Mackenzie Hannis,Female,Training,57000,Abuja,Very Poor
Ambros Murthwaite,Male,Sales,70610,Lagos,Average
Lek Scamaden,Female,Training,51860,Abuja,Good
Jehu Rudeforth,Female,Engineering,60130,Abuja,Average
Bert Yaakov,Male,Research and Development,72040,Kaduna,Poor
Bordy Yatman,Female,Product Management,108450,Lagos,Good
Georgie Caress,Male,Marketing,58260,Abuja,Average
Mollie Hanway,Male,NULL,112650,Lagos,Average
Krysta Elacoate,Male,Human Resources,106930,Kaduna,Average
Jolynn Lumbley,Others,Research and Development,70020,Abuja,Average
Gwendolyn Chrippes,Male,Engineering,,Abuja,Good
Blythe Clipston,Female,Human Resources,35670,Kaduna,Average
Sisely Hatchman,Female,Sales,,Kaduna,Average
Alicea Pudsall,Male,Accounting,67630,Abuja,Average
Karee Ruslinge,Female,Human Resources,82300,Kaduna,Not Rated
Wilone O'Kielt,Female,Business Development,114870,Lagos,Not Rated
Justino Chapiro,Male,Sales,71030,Lagos,Average
Maritsa Marusic,Male,Research and Development,52750,Abuja,Average
Sisely Gatsby,Female,Support,85670,Kaduna,Average
Shantee D'Antonio,Female,Product Management,,Kaduna,Good
Blaire Ruckman,Male,Business Development,61700,Kaduna,Average
William Coveny,Male,Legal,66140,Abuja,Good
Packston Joanic,Male,Marketing,51860,Kaduna,Good
Joana Bartocci,Male,Human Resources,52670,Abuja,Average
Sile Whorton,Female,Legal,61210,Kaduna,Not Rated
Billi Fellgate,Female,Business Development,68980,Kaduna,Average
Franchot Crocken,Female,Accounting,29610,Abuja,Average
Cletus McGarahan,Female,Engineering,114430,Lagos,Good
Callie Duckels,Male,Product Management,53760,Abuja,Average
Roselle Wandrach,Male,Sales,91310,Abuja,Average
Lishe Casemore,Male,Services,117840,Kaduna,Average
Garey Bird,Female,Product Management,31830,Lagos,Average
Toby Micklewright,Male,Legal,32980,Lagos,Not Rated
Dell Molloy,Male,Engineering,47360,Abuja,Poor
Fidela Dowey,Female,Engineering,86740,Lagos,Very Good
Emmanuel Westrey,Female,Support,87400,Kaduna,Average
Abigael Basire,Male,Engineering,61620,Lagos,Poor
Melodie Torresi,Female,Business Development,75090,Lagos,Average
Dewie Stodart,Male,Accounting,78020,Kaduna,Average
Fred Dudeney,Male,Services,88690,Abuja,Very Good
Giffer Berlin,Female,Research and Development,92340,Kaduna,Good
Bealle Glentworth,Male,NULL,99480,Abuja,Poor
Van Tuxwell,Female,Business Development,80700,Abuja,Poor
Sarajane Scourge,Female,Business Development,58830,Abuja,Poor
Rose Shurrocks,Female,Research and Development,32140,Kaduna,Good
Mata Fishley,Male,Accounting,102520,Abuja,Poor
Irvine Blenkin,Male,Human Resources,79590,Abuja,Very Poor
Wald Bountiff,Female,Support,28970,Lagos,Very Good
Leonerd Jiru,Female,Marketing,,Lagos,Not Rated
Hinda Label,Female,Human Resources,92700,Kaduna,Average
Irwin Kirsche,Female,Accounting,36150,Kaduna,Poor
Sile Whorton,Female,Legal,61210,Abuja,Average
Jill Shipsey,Male,Accounting,52960,Lagos,Average
Nerissa Kavanagh,Male,Training,84170,Lagos,Not Rated
Anabal Cooke,Female,Product Management,31920,Kaduna,Average
Ava Whordley,Female,Product Management,104210,Abuja,Very Good
Laney Thowless,Male,Product Management,,Kaduna,Good
Ansley Gounel,Female,Product Management,38440,Abuja,Poor
Cletus McGarahan,Female,Engineering,114430,Kaduna,Very Good
Althea Bronger,Male,Product Management,104340,Kaduna,Poor
Orlando Gorstidge,Male,Marketing,40750,Lagos,Very Poor
Robbert Mandrier,Female,Training,98020,Abuja,Very Good
Twila Roantree,Female,Sales,96620,Lagos,Poor
Archibald Filliskirk,Male,Research and Development,40400,Abuja,Very Good
Denni Wiggans,Male,Product Management,81220,Lagos,Poor
Pyotr Lightewood,Male,Training,33840,Lagos,Not Rated
Shari McNee,Male,Research and Development,75880,Lagos,Average
Issiah Cradick,Male,Engineering,81380,Lagos,Not Rated
Nollie Courteney,Male,Research and Development,71490,Abuja,Not Rated
Tadio Dowdle,Female,Product Management,91930,Kaduna,Average
Ondrea Banfield,Female,Engineering,107790,Kaduna,Average
Asia Jerson,Male,Services,,Kaduna,Very Good
Cornie Arstall,Female,Product Management,69970,Abuja,Average
Jeane Blaszczak,Female,Engineering,44300,Lagos,Poor
Hogan Iles,Female,Accounting,114180,Lagos,Very Good
Saundra O'Connel,Male,Human Resources,85330,Abuja,Average
Malva Iacovacci,Female,NULL,65130,Abuja,Average
Rosaline Wenderott,Female,Sales,36820,Abuja,Good
Bobina Teale,Male,Marketing,116890,Kaduna,Average
Ruby Cracie,Male,Research and Development,78710,Kaduna,Poor
Sissy Muehle,Female,Accounting,86470,Kaduna,Average
Lonny Caen,Female,Research and Development,35980,Lagos,Good
Itch Tinklin,Female,Support,77110,Abuja,Average
Sibyl Dunkirk,Female,Product Management,86570,Kaduna,Very Poor
Brodie Grimstead,Male,Business Development,117850,Kaduna,Good
Amitie Mawson,Female,Marketing,116500,Lagos,Not Rated
Dane Wudeland,Female,Accounting,80030,Kaduna,Poor
Oby Sorrel,Female,Support,58940,Kaduna,Average
Yvette Bett,Male,Human Resources,76320,Lagos,Good
Ianthe Sayre,Male,Support,110730,Abuja,Very Good
Jacklyn Andrioletti,Female,Training,86990,Abuja,Poor
Eliza Hoggan,Female,Legal,,Lagos,Average
Conchita Soden,Male,Marketing,74410,Abuja,Good
Reggie Taylerson,Male,Marketing,87610,Lagos,Good
Leslie Cardoso,Female,Business Development,103340,Abuja,Good
Milton Lilie,Female,Business Development,46470,Kaduna,Average
Aeriell Cuell,Male,Legal,108290,Abuja,Very Poor
Anne-corinne Daulby,Male,Engineering,78640,Lagos,Good
Lisle Danahar,Others,Sales,75990,Kaduna,Average
Bryana Loyns,Male,Sales,55280,Kaduna,Average
Anjela Spancock,Others,Accounting,98010,Lagos,Average
Daisie McNeice,Male,Human Resources,50310,Kaduna,Average
Jillana Gabbitis,Male,Marketing,91360,Kaduna,Average
Roddy Speechley,Male,Accounting,115920,Abuja,Good
Oran Buxcy,Female,Engineering,56870,Lagos,Poor
Beverie Moffet,Female,Support,75970,Abuja,Very Good
Novelia Pyffe,Male,Accounting,52270,Kaduna,Good
Dare Tully,Male,Business Development,39780,Lagos,Not Rated
Lilyan Klimpt,Male,Services,58960,Lagos,Average
Jo-anne Gobeau,Female,Training,37900,Abuja,Good
Sheff Gerdts,Male,Business Development,89160,Lagos,Good
Florinda Crace,Female,Sales,45510,Abuja,Good
Dominic Ortler,Female,Product Management,66610,Abuja,Average
Cathrin Yanuk,Male,Sales,44120,Lagos,Very Poor
Austine Littlewood,Female,Services,32270,Abuja,Average
Alford Gerardi,Female,Engineering,37130,Lagos,Not Rated
Cullie Bourcq,Female,Sales,45590,Abuja,Good
Emanuel Beldan,Male,Accounting,94070,Abuja,Average
Danica Nayshe,Female,Services,89690,Kaduna,Not Rated
Hildagard Reece,Female,Services,41220,Lagos,Average
Kai Ryder,Female,Accounting,119930,Lagos,Average
Alfred Peplay,Female,Human Resources,60580,Kaduna,Not Rated
Jeannie Petracco,Female,Engineering,94820,Abuja,Average
Brad Gumb,Male,Accounting,38830,Kaduna,Good
Bonnie Newland,Male,NULL,91450,Abuja,Average
Reinald Franken,Female,Engineering,28870,Abuja,Very Good
Carolyn Attack,Female,Marketing,70760,Lagos,Good
Bogey Hitcham,Male,Product Management,106170,Abuja,Good
Naoma Cruse,Male,Research and Development,71540,Kaduna,Average
Oates Dinan,Female,Research and Development,104680,Lagos,Average
Daphne Francillo,Male,Training,63370,Lagos,Average
Kissiah Maydway,Male,Accounting,106460,Lagos,Good
Trix Lutsch,Male,Business Development,106400,Lagos,Average
Carolin Fieldstone,Female,Marketing,36920,Kaduna,Average
Dulsea Folkes,Female,Services,42160,Abuja,Average
Corabel Luberto,Female,Human Resources,57820,Kaduna,Average
Nicola Kiely,Female,Business Development,93740,Kaduna,Average
Rey Chartman,Female,Training,93960,Kaduna,Poor
Israel Farndon,Male,Marketing,107220,Lagos,Average
Felipe Parkman,Female,Training,90150,Abuja,Very Good
Margit Kunze,Male,Engineering,94020,Abuja,Good
Oliy Feeney,Female,Marketing,42970,Lagos,Good
Sandie Anthonies,Male,Legal,33410,Kaduna,Average
Anni Dinse,Male,Product Management,119670,Lagos,Average
Gaultiero Have,Male,Accounting,115380,Kaduna,Average
Corinna Griffiths,Male,Support,75010,Kaduna,Good
Cherlyn Barter,Female,Accounting,104120,Abuja,Good
Shea Mix,Male,Research and Development,82680,Lagos,Very Poor
Leonidas Cavaney,Male,Accounting,52250,Kaduna,Very Poor
Tallie Chaikovski,Male,Sales,83190,Lagos,Average
Andria Kimpton,Male,Product Management,69120,Kaduna,Average
Rik Delete,Female,Training,,Kaduna,Good
Bill Luffman,Others,NULL,41570,Abuja,Average
Codie Gaunson,Male,Accounting,83590,Abuja,Poor
Kaine Padly,Male,Research and Development,107700,Abuja,Very Good
Freda Legan,Female,Sales,102130,Kaduna,Average
Hiram Merkle,Male,Legal,116090,Kaduna,Average
Christos Wintle,Male,Engineering,74360,Lagos,Good
Magnum Locksley,Female,Services,42310,Abuja,Not Rated
Adrianne Gave,Male,Engineering,78440,Lagos,Poor
Warner Carwithan,Female,Support,113760,Kaduna,Good
Appolonia Snook,Female,Services,93880,Kaduna,Average
Alikee Jecock,Female,Legal,85000,Kaduna,Poor
Shay Chasney,Male,Human Resources,72550,Lagos,Average
Trey Jurges,Female,Legal,72360,Kaduna,Poor
Tracy Renad,Female,Accounting,114890,Abuja,Average
Sarajane Peachey,Female,Marketing,107580,Abuja,Poor
Bili Sizey,Male,Research and Development,36040,Abuja,Average
Clement Penhearow,Female,NULL,58310,Kaduna,Average
Shaun Kyrkeman,Male,Product Management,35010,Kaduna,Average
Leena Bruckshaw,Male,Research and Development,74280,Lagos,Average
Benni Simounet,Male,Research and Development,115790,Lagos,Very Poor
Kay Edling,Male,Support,38330,Lagos,Average
Shayne Stegel,Male,Business Development,70270,Abuja,Very Good
Floyd Cowgill,Male,Support,37060,Kaduna,Average
William Reeveley,Male,Training,53870,Abuja,Good
Claretta MacQuist,Male,Human Resources,,Abuja,Average
Inger Chapelhow,Female,Research and Development,84310,Abuja,Good
Brien Boise,Female,Research and Development,58100,Kaduna,Very Good
Pancho De Ortega,Male,Support,99780,Kaduna,Very Good
Edd MacKnockiter,Male,Accounting,119020,Lagos,Poor
Hobie Stockbridge,Male,Engineering,92940,Lagos,Good
Ludovika Plaice,Male,Training,59670,Kaduna,Not Rated
Odessa Pusill,Female,NULL,41000,Lagos,Not Rated
Caro Hainsworth,Male,Marketing,77470,Kaduna,Good
Nicolis Winspire,Male,Engineering,45650,Lagos,Good
Niko MacGille,Female,Engineering,88430,Lagos,Average
Evanne Levens,Male,Human Resources,36880,Kaduna,Good
Trix Lutsch,Male,Business Development,106400,Abuja,Poor
Michale Rolf,Male,Services,111820,Lagos,Very Good
Cecilla Northen,Male,Human Resources,92870,Abuja,Average
Cyrillus Garci,Male,Business Development,100360,Lagos,Average
Dayle O'Luney,Female,Research and Development,46750,Lagos,Average
Gunar Cockshoot,Male,Business Development,48950,Abuja,Good
Silva Monte,Male,Sales,52810,Abuja,Poor
Hans Bucke,Male,Legal,78560,Kaduna,Very Poor
Elia Cockton,Female,Support,75280,Kaduna,Average
Freddy Linford,Female,Training,93130,Kaduna,Poor
Gwenore Scotchmer,Female,Business Development,105290,Kaduna,Very Poor
Maggie Ruberti,Male,Training,108340,Kaduna,Not Rated
Desi Peniman,Female,Legal,31090,Kaduna,Average
Allyce Hincham,Male,Business Development,101420,Lagos,Average
Juanita Trembey,Others,Business Development,54780,Kaduna,Very Good
Lincoln Cord,Female,Support,63560,Abuja,Very Good
Kerwin Blakely,Male,Research and Development,68480,Lagos,Poor
Granny Spencelayh,Male,Legal,99460,Abuja,Average
Collin Jagson,Male,Services,100420,Abuja,Poor
Monti Burdus,Female,Human Resources,39650,Abuja,Average
Konstantin Timblett,Female,Training,56250,Abuja,Average
Fax Scotland,Female,Marketing,57640,Abuja,Average
Isidora Guido,Male,Engineering,43150,Abuja,Very Good
Erv Havill,Female,Accounting,106080,Abuja,Not Rated
Yoshiko Tamblingson,Male,Sales,29590,Kaduna,Good
Barri Teacy,Female,Accounting,86240,Lagos,Average
Alisha Bloschke,Others,Product Management,36480,Abuja,Average
Jerrilee Maginot,Male,Business Development,,Kaduna,Average
Adi Seawright,Female,Marketing,48590,Kaduna,Very Poor
Eward Astlett,Male,Engineering,41670,Lagos,Average
Chauncey Schild,Female,Support,107340,Lagos,Very Good
Larissa Ingledow,Male,Research and Development,62280,Kaduna,Not Rated
Orton Livick,Male,Services,37920,Abuja,Not Rated
Jolynn Edkins,Female,Support,,Kaduna,Average
Beverie Moffet,Female,Support,75970,Kaduna,Average
Katey Cadany,Male,Services,92010,Abuja,Very Poor
Alida Welman,Male,Human Resources,69860,Lagos,Poor
Nicole Blowfelde,Female,Training,59560,Kaduna,Very Good
Kelley Rounds,Female,Engineering,114810,Kaduna,Average
Felice McMurty,Female,Product Management,66870,Abuja,Not Rated
Layton Kierans,Male,Human Resources,113790,Kaduna,Very Poor
Hedwiga Ingarfield,Female,Legal,38250,Kaduna,Average
Frasquito Mosley,Others,Support,48090,Abuja,Not Rated
Amandy Jope,Male,Accounting,99630,Abuja,Average
Tarrah Wordsworth,Female,Product Management,86340,Abuja,Poor
Fairfax Wallsam,Others,Sales,88590,Abuja,Average
Chelsea Itzak,Male,Support,61100,Kaduna,Average
Craggie Whistlecraft,Male,Product Management,71240,Abuja,Average
Faina Durand,Male,Sales,114650,Kaduna,Very Poor
Joella Maevela,Female,Sales,76210,Kaduna,Good
Virginia McConville,Female,Human Resources,76900,Abuja,Very Good
Candy Aindrais,Female,Business Development,116590,Lagos,Very Good
Allene Gobbet,Female,Engineering,78390,Abuja,Average
Ruthanne Beadnell,Female,Accounting,103610,Kaduna,Poor
Damien Netley,Male,Engineering,98110,Abuja,Good
Rasia Fryatt,Female,Human Resources,33960,Lagos,Not Rated
Bev Lashley,Male,Business Development,112110,Kaduna,Not Rated
Curtice Advani,Male,Product Management,59810,Lagos,Good
Madge McCloughen,Others,Training,91310,Kaduna,Average
Frasier Straw,Male,Business Development,71370,Lagos,Average
Dean Biggam,Female,Training,71570,Abuja,Not Rated
Anni Dinse,Male,Product Management,119670,Lagos,Not Rated
Husein Augar,Female,Marketing,67910,Kaduna,Average
Shaylyn Ransbury,Female,Support,100370,Abuja,Average
Christoph Stretton,Female,Business Development,90240,Abuja,Poor
Jordain Cyster,Female,Engineering,75870,Kaduna,Average
Malory Biles,Female,Training,58740,Kaduna,Not Rated
Adey Ryal,Female,Legal,32500,Lagos,Average
